<?xml version="1.0"?>
<!DOCTYPE module PUBLIC
        "-//Puppy Crawl//DTD Check Configuration 1.3//EN"
        "http://checkstyle.sourceforge.net/dtds/configuration_1_3.dtd">

<module name="Checker">
    <property name="charset" value="UTF-8"/>
    <property name="fileExtensions" value="java"/>

    <module name="TreeWalker">
        <!-- package name prefix [com.lianlian] -->
        <module name="PackageName">
            <property name="format" value="^com.lianlian.+(\.[a-z][a-z0-9]*)*$"/>
        </module>
        <module name="AvoidEscapedUnicodeCharacters">
            <property name="allowEscapesForControlCharacters" value="true"/>
            <property name="allowByTailComment" value="true"/>
            <property name="allowNonPrintableEscapes" value="true"/>
        </module>
        <module name="SuppressWarningsHolder" />
        <module name="AvoidStarImport"/>
        <module name="NoLineWrap"/>
        <module name="OuterTypeFilename"/>
        <module name="UnusedImports"/>
    </module>
</module>